"Id";"Designator";"Footprint";"Quantity";"Designation";"Supplier and ref";
1;"J2";"JST_XH_B2B-XH-A_1x02_P2.50mm_Vertical";1;"Data (RX TX)";;;
2;"U2";"SOIC-8_3.9x4.9mm_P1.27mm";1;"MCP6002-xP";;;
3;"J10";"JST_XH_B3B-XH-A_1x03_P2.50mm_Vertical";1;"Throttle HallEffect";;;
4;"R18,R9,R19,R17,R16,R15,R10";"R_0805_2012Metric";7;"10k";;;
5;"J5";"JST_XH_B2B-XH-A_1x02_P2.50mm_Vertical";1;"Bat 1+2 V";;;
6;"ESP1";"MODULE_ESP32_DEVKIT_V1";1;"ESP32-DEVKIT-V1";;;
7;"C2,C1";"C_0805_2012Metric";2;"C";;;
8;"U5,U4";"TSSOP-10_3x3mm_P0.5mm";2;"ADS1115IDGS";;;
9;"C4,C5";"C_0805_2012Metric";2;"100nF";;;
10;"R8,R7";"R_0805_2012Metric";2;"4.7k";;;
11;"J4";"JST_XH_B2B-XH-A_1x02_P2.50mm_Vertical";1;"Bat 1V";;;
12;"R11";"R_0805_2012Metric";1;"47k";;;
13;"R3,R1,R6,R5,R2,R4";"R_0805_2012Metric";6;"R";;;
14;"J7";"JST_XH_B2B-XH-A_1x02_P2.50mm_Vertical";1;"Motor Controller Temp";;;
15;"U1";"Converter_DCDC_TRACO_TSR-1_THT";1;"TSR_1-2450";;;
16;"R20,R21";"R_Axial_DIN0204_L3.6mm_D1.6mm_P7.62mm_Horizontal";2;"?";;;
17;"J9";"JST_XH_B3B-XH-A_1x03_P2.50mm_Vertical";1;"Motor Controller";;;
18;"J6";"JST_XH_B2B-XH-A_1x02_P2.50mm_Vertical";1;"Motor Temp";;;
19;"R12,R14";"R_0805_2012Metric";2;"1k";;;
20;"J8";"JST_XH_B4B-XH-A_1x04_P2.50mm_Vertical";1;"Current Sensor";;;
21;"J1";"JST_XH_B2B-XH-A_1x02_P2.50mm_Vertical";1;"Power (9v)";;;
22;"C3";"C_0805_2012Metric";1;"1u";;;
23;"J3";"JST_XH_B3B-XH-A_1x03_P2.50mm_Vertical";1;"RPM Sensor";;;
24;"R13";"R_0805_2012Metric";1;"220";;;
25;"U3";"DIP-4_W7.62mm";1;"PC817";;;
